<Book><BookInfo><ID>-1727462311460</ID><Name><![CDATA[]]></Name><BookType>interact_book_hor_ver</BookType><DeviceType>iphone_book</DeviceType><DeviceVersion>null</DeviceVersion><PlatformType>android_platform</PlatformType><Description><![CDATA[]]></Description><HomePageID>-1727462311613</HomePageID><StartPageTime><![CDATA[5]]></StartPageTime><IsLoadSnap>true</IsLoadSnap><IsLoadNavigation>true</IsLoadNavigation><BookFlipType>corner_flip</BookFlipType><BookNavType>threed_navigation_view</BookNavType><BookControllerType>book_view_type</BookControllerType><Proportion>false</Proportion><AndroidAdapterType>KEEPSIZE_SCALE</AndroidAdapterType><IsFree>true</IsFree><BookMark><IsShowBookMark>false</IsShowBookMark><IsShowBookMarkLabel>true</IsShowBookMarkLabel><BookMarkLablePositon>left|bottom</BookMarkLablePositon><BookMarkLabelHorGap>20</BookMarkLabelHorGap><BookMarkLabelVerGap>20</BookMarkLabelVerGap><BookMarkLabelText><![CDATA[Smart Apps Creator]]></BookMarkLabelText></BookMark><BookWidth>1920</BookWidth><BookHeight>1080</BookHeight><ADType>-1</ADType><ADPosition>top</ADPosition><ExeStyleType>IOS_STYLE</ExeStyleType><ProductID></ProductID><ReferenceName><![CDATA[]]></ReferenceName><PushID></PushID><ActivePush>false</ActivePush><FullScreen>false</FullScreen><Buttons><Button><X>0</X><Y>0</Y><Width>132</Width><Height>132</Height><Type>home_page_btn</Type><isVisible>true</isVisible><LayoutType>LEFT_TOP</LayoutType><Vergap>0</Vergap><Horgap>0</Horgap><UserDefNav>false</UserDefNav><Source></Source><SelectedSource></SelectedSource></Button><Button><X>1788</X><Y>0</Y><Width>132</Width><Height>132</Height><Type>open_navigate_btn</Type><isVisible>false</isVisible><LayoutType>RIGHT_TOP</LayoutType><Vergap>0</Vergap><Horgap>0</Horgap><UserDefNav>false</UserDefNav><Source></Source><SelectedSource></SelectedSource></Button><Button><X>0</X><Y>474</Y><Width>132</Width><Height>132</Height><Type>pre_page_btn</Type><isVisible>false</isVisible><LayoutType>LEFT_TOP</LayoutType><Vergap>474</Vergap><Horgap>0</Horgap><UserDefNav>false</UserDefNav><Source></Source><SelectedSource></SelectedSource></Button><Button><X>1788</X><Y>474</Y><Width>132</Width><Height>132</Height><Type>next_page_btn</Type><isVisible>false</isVisible><LayoutType>RIGHT_TOP</LayoutType><Vergap>474</Vergap><Horgap>0</Horgap><UserDefNav>false</UserDefNav><Source></Source><SelectedSource></SelectedSource></Button><Button><X>0</X><Y>0</Y><Width>132</Width><Height>132</Height><Type>ver_home_page_btn</Type><isVisible>true</isVisible><LayoutType>LEFT_TOP</LayoutType><Vergap>0</Vergap><Horgap>0</Horgap><UserDefNav>false</UserDefNav><Source></Source><SelectedSource></SelectedSource></Button><Button><X>948</X><Y>0</Y><Width>132</Width><Height>132</Height><Type>ver_open_navigate_btn</Type><isVisible>false</isVisible><LayoutType>RIGHT_TOP</LayoutType><Vergap>0</Vergap><Horgap>0</Horgap><UserDefNav>false</UserDefNav><Source></Source><SelectedSource></SelectedSource></Button><Button><X>0</X><Y>894</Y><Width>132</Width><Height>132</Height><Type>ver_pre_page_btn</Type><isVisible>false</isVisible><LayoutType>LEFT_TOP</LayoutType><Vergap>894</Vergap><Horgap>0</Horgap><UserDefNav>false</UserDefNav><Source></Source><SelectedSource></SelectedSource></Button><Button><X>948</X><Y>894</Y><Width>132</Width><Height>132</Height><Type>ver_next_page_btn</Type><isVisible>false</isVisible><LayoutType>RIGHT_TOP</LayoutType><Vergap>894</Vergap><Horgap>0</Horgap><UserDefNav>false</UserDefNav><Source></Source><SelectedSource></SelectedSource></Button></Buttons></BookInfo><Snapshots><Snapshot> <SnapshotId>-1733589139337.png</SnapshotId><SnapshotWidth>1920</SnapshotWidth><SnapshotHeight>1080</SnapshotHeight><PageId>-1727462311493</PageId><PageTitle><![CDATA[]]></PageTitle></Snapshot> <Snapshot> <SnapshotId>-1734545958020.jpg</SnapshotId><SnapshotWidth>640</SnapshotWidth><SnapshotHeight>360</SnapshotHeight><PageId>-1727462311613</PageId><PageTitle><![CDATA[]]></PageTitle></Snapshot> <Snapshot> <SnapshotId>-1734545958967.jpg</SnapshotId><SnapshotWidth>640</SnapshotWidth><SnapshotHeight>360</SnapshotHeight><PageId>-1727462333578</PageId><PageTitle><![CDATA[]]></PageTitle></Snapshot> <Snapshot> <SnapshotId>-1727499072446.jpg</SnapshotId><SnapshotWidth>640</SnapshotWidth><SnapshotHeight>360</SnapshotHeight><PageId>-1727462333628</PageId><PageTitle><![CDATA[]]></PageTitle></Snapshot> <Snapshot> <SnapshotId>-1727462333680.jpg</SnapshotId><SnapshotWidth>640</SnapshotWidth><SnapshotHeight>360</SnapshotHeight><PageId>-1727462333683</PageId><PageTitle><![CDATA[]]></PageTitle></Snapshot> <Snapshot> <SnapshotId>-1727462333714.jpg</SnapshotId><SnapshotWidth>640</SnapshotWidth><SnapshotHeight>360</SnapshotHeight><PageId>-1727462333717</PageId><PageTitle><![CDATA[]]></PageTitle></Snapshot> <Snapshot> <SnapshotId>-1727462333740.jpg</SnapshotId><SnapshotWidth>640</SnapshotWidth><SnapshotHeight>360</SnapshotHeight><PageId>-1727462333743</PageId><PageTitle><![CDATA[]]></PageTitle></Snapshot> <Snapshot> <SnapshotId>-1727462333775.jpg</SnapshotId><SnapshotWidth>640</SnapshotWidth><SnapshotHeight>360</SnapshotHeight><PageId>-1727462333778</PageId><PageTitle><![CDATA[]]></PageTitle></Snapshot> <Snapshot> <SnapshotId>-1727462333800.jpg</SnapshotId><SnapshotWidth>640</SnapshotWidth><SnapshotHeight>360</SnapshotHeight><PageId>-1727462333803</PageId><PageTitle><![CDATA[]]></PageTitle></Snapshot> <Snapshot> <SnapshotId>-1727462333835.jpg</SnapshotId><SnapshotWidth>640</SnapshotWidth><SnapshotHeight>360</SnapshotHeight><PageId>-1727462333838</PageId><PageTitle><![CDATA[]]></PageTitle></Snapshot> <Snapshot> <SnapshotId>-1727515662069.jpg</SnapshotId><SnapshotWidth>640</SnapshotWidth><SnapshotHeight>360</SnapshotHeight><PageId>-1727462333869</PageId><PageTitle><![CDATA[]]></PageTitle></Snapshot> <Snapshot> <SnapshotId>-1727465842709.jpg</SnapshotId><SnapshotWidth>640</SnapshotWidth><SnapshotHeight>360</SnapshotHeight><PageId>-1727462333904</PageId><PageTitle><![CDATA[]]></PageTitle></Snapshot> <Snapshot> <SnapshotId>-1727465843723.jpg</SnapshotId><SnapshotWidth>640</SnapshotWidth><SnapshotHeight>360</SnapshotHeight><PageId>-1727462333926</PageId><PageTitle><![CDATA[]]></PageTitle></Snapshot> <Snapshot> <SnapshotId>-1727516510817.jpg</SnapshotId><SnapshotWidth>640</SnapshotWidth><SnapshotHeight>360</SnapshotHeight><PageId>-1727462333956</PageId><PageTitle><![CDATA[]]></PageTitle></Snapshot> <Snapshot> <SnapshotId>-1727465845962.jpg</SnapshotId><SnapshotWidth>640</SnapshotWidth><SnapshotHeight>360</SnapshotHeight><PageId>-1727462333961</PageId><PageTitle><![CDATA[]]></PageTitle></Snapshot> <Snapshot> <SnapshotId>-1734545960168.jpg</SnapshotId><SnapshotWidth>640</SnapshotWidth><SnapshotHeight>360</SnapshotHeight><PageId>-1727463567597</PageId><PageTitle><![CDATA[]]></PageTitle></Snapshot> <Snapshot> <SnapshotId>-1727525194989.jpg</SnapshotId><SnapshotWidth>640</SnapshotWidth><SnapshotHeight>360</SnapshotHeight><PageId>-1727464521262</PageId><PageTitle><![CDATA[]]></PageTitle></Snapshot> <Snapshot> <SnapshotId>-1727525196043.jpg</SnapshotId><SnapshotWidth>640</SnapshotWidth><SnapshotHeight>360</SnapshotHeight><PageId>-1727488787017</PageId><PageTitle><![CDATA[]]></PageTitle></Snapshot> <Snapshot> <SnapshotId>-1727525197077.jpg</SnapshotId><SnapshotWidth>640</SnapshotWidth><SnapshotHeight>360</SnapshotHeight><PageId>-1727488939560</PageId><PageTitle><![CDATA[]]></PageTitle></Snapshot> <Snapshot> <SnapshotId>-1727525356977.jpg</SnapshotId><SnapshotWidth>640</SnapshotWidth><SnapshotHeight>360</SnapshotHeight><PageId>-1727489228079</PageId><PageTitle><![CDATA[]]></PageTitle></Snapshot> <Snapshot> <SnapshotId>-1727525357990.jpg</SnapshotId><SnapshotWidth>640</SnapshotWidth><SnapshotHeight>360</SnapshotHeight><PageId>-1727495628455</PageId><PageTitle><![CDATA[]]></PageTitle></Snapshot> <Snapshot> <SnapshotId>-1727525512375.jpg</SnapshotId><SnapshotWidth>640</SnapshotWidth><SnapshotHeight>360</SnapshotHeight><PageId>-1727495631557</PageId><PageTitle><![CDATA[]]></PageTitle></Snapshot> <Snapshot> <SnapshotId>-1727525513291.jpg</SnapshotId><SnapshotWidth>640</SnapshotWidth><SnapshotHeight>360</SnapshotHeight><PageId>-1727495635775</PageId><PageTitle><![CDATA[]]></PageTitle></Snapshot> <Snapshot> <SnapshotId>-1727525739343.jpg</SnapshotId><SnapshotWidth>640</SnapshotWidth><SnapshotHeight>360</SnapshotHeight><PageId>-1727495747273</PageId><PageTitle><![CDATA[]]></PageTitle></Snapshot> <Snapshot> <SnapshotId>-1727525740269.jpg</SnapshotId><SnapshotWidth>640</SnapshotWidth><SnapshotHeight>360</SnapshotHeight><PageId>-1727495749713</PageId><PageTitle><![CDATA[]]></PageTitle></Snapshot> <Snapshot> <SnapshotId>-1727525741301.jpg</SnapshotId><SnapshotWidth>640</SnapshotWidth><SnapshotHeight>360</SnapshotHeight><PageId>-1727495752686</PageId><PageTitle><![CDATA[]]></PageTitle></Snapshot> <Snapshot> <SnapshotId>-1727510672665.jpg</SnapshotId><SnapshotWidth>640</SnapshotWidth><SnapshotHeight>360</SnapshotHeight><PageId>-1727498746250</PageId><PageTitle><![CDATA[]]></PageTitle></Snapshot> <Snapshot> <SnapshotId>-1727499083980.jpg</SnapshotId><SnapshotWidth>640</SnapshotWidth><SnapshotHeight>360</SnapshotHeight><PageId>-1727498759054</PageId><PageTitle><![CDATA[]]></PageTitle></Snapshot> <Snapshot> <SnapshotId>-1727511073258.jpg</SnapshotId><SnapshotWidth>640</SnapshotWidth><SnapshotHeight>360</SnapshotHeight><PageId>-1727510439726</PageId><PageTitle><![CDATA[]]></PageTitle></Snapshot> <Snapshot> <SnapshotId>-1727524448704.jpg</SnapshotId><SnapshotWidth>640</SnapshotWidth><SnapshotHeight>360</SnapshotHeight><PageId>-1727523599210</PageId><PageTitle><![CDATA[]]></PageTitle></Snapshot> </Snapshots><Pages><Page><ID>-1727462311493</ID></Page><Page><ID>-1727462311613</ID></Page><Page><ID>-1727462333578</ID></Page><Page><ID>-1727462333628</ID></Page><Page><ID>-1727462333683</ID></Page><Page><ID>-1727462333717</ID></Page><Page><ID>-1727462333743</ID></Page><Page><ID>-1727462333778</ID></Page><Page><ID>-1727462333803</ID></Page><Page><ID>-1727462333838</ID></Page><Page><ID>-1727462333869</ID></Page><Page><ID>-1727462333904</ID></Page><Page><ID>-1727462333926</ID></Page><Page><ID>-1727462333956</ID></Page><Page><ID>-1727462333961</ID></Page><Page><ID>-1727463567597</ID></Page><Page><ID>-1727464521262</ID></Page><Page><ID>-1727488787017</ID></Page><Page><ID>-1727488939560</ID></Page><Page><ID>-1727489228079</ID></Page><Page><ID>-1727495628455</ID></Page><Page><ID>-1727495631557</ID></Page><Page><ID>-1727495635775</ID></Page><Page><ID>-1727495747273</ID></Page><Page><ID>-1727495749713</ID></Page><Page><ID>-1727495752686</ID></Page><Page><ID>-1727498746250</ID></Page><Page><ID>-1727498759054</ID></Page><Page><ID>-1727510439726</ID></Page><Page><ID>-1727523599210</ID></Page></Pages><StartPageID>-1727462311493</StartPageID><Sections><Section><ID>-1727462311627</ID><Name>Default%20Section</Name><isReverseSize>false</isReverseSize><isNeedPaid>false</isNeedPaid><Pages><Page>-1727462311613</Page></Pages></Section><Section><ID>-1727462334021</ID><Name>Default%20Section</Name><isReverseSize>false</isReverseSize><isNeedPaid>false</isNeedPaid><Pages><Page>-1727462333578</Page><Page>-1727462333628</Page><Page>-1727462333683</Page><Page>-1727462333717</Page><Page>-1727462333743</Page><Page>-1727462333778</Page><Page>-1727462333803</Page><Page>-1727462333838</Page><Page>-1727462333869</Page><Page>-1727462333904</Page><Page>-1727462333926</Page><Page>-1727462333956</Page><Page>-1727463567597</Page><Page>-1727462333961</Page></Pages></Section><Section><ID>-1727464521336</ID><Name>Default%20Section</Name><isReverseSize>false</isReverseSize><isNeedPaid>false</isNeedPaid><Pages><Page>-1727464521262</Page><Page>-1727488787017</Page><Page>-1727488939560</Page><Page>-1727489228079</Page><Page>-1727495628455</Page><Page>-1727495631557</Page><Page>-1727495635775</Page><Page>-1727495747273</Page><Page>-1727495749713</Page><Page>-1727495752686</Page><Page>-1727510439726</Page><Page>-1727498746250</Page><Page>-1727498759054</Page><Page>-1727523599210</Page></Pages></Section></Sections></Book>